1,name,1,Alice,1,2021-05-27 19:42:41.366007,False
2,phone number,1,123456789,2,2021-05-27 19:42:41.410912,False
3,email,1,alice@123.com,3,2021-05-27 19:42:41.424881,False
4,Zipcode,1,14200,4,2021-05-27 19:42:41.445819,False
5,neighbourhood,1,BBBarea,5,2021-05-27 19:42:41.467761,False
6,age range,1,21-30,6,2021-05-27 19:42:41.480725,False
7,gender,1,female,7,2021-05-27 19:42:41.507655,False
8,family members,1,5,8,2021-05-27 19:42:41.530593,False
9,number of children,1,2,9,2021-05-27 19:42:41.549542,False
10,number of seniors,1,1,10,2021-05-27 19:42:41.570485,False
11,request type,1,Education,11,2021-05-27 19:42:41.586442,False
12,request detail,1,I am requesting emergency funds for a family member who is in the hospital,12,2021-05-27 19:42:41.606390,False
13,emergency?,1,Yes,13,2021-05-27 19:42:41.627336,False
14,name,2,Alice,1,2021-05-27 19:46:50.129514,False
15,phone number,2,123456789,2,2021-05-27 19:46:50.156802,False
16,email,2,alice@123.com,3,2021-05-27 19:46:50.166736,False
17,Zipcode,2,14200,4,2021-05-27 19:46:50.180700,False
18,neighbourhood,2,BBBarea,5,2021-05-27 19:46:50.194660,False
19,age range,2,21-30,6,2021-05-27 19:46:50.208656,False
20,gender,2,female,7,2021-05-27 19:46:50.222620,False
21,family members,2,5,8,2021-05-27 19:46:50.236582,False
22,number of children,2,2,9,2021-05-27 19:46:50.251537,False
23,number of seniors,2,1,10,2021-05-27 19:46:50.267467,False
24,request type,2,Housing,11,2021-05-27 19:46:50.282425,False
25,request detail,2,I am requesting emergency funds for a family member who is in the hospital,12,2021-05-27 19:46:50.305398,False
26,emergency?,2,Yes,13,2021-05-27 19:46:50.329299,False
27,name,3,Alice,1,2021-05-27 19:47:17.542023,False
28,phone number,3,123456789,2,2021-05-27 19:47:17.567995,False
29,email,3,alice@123.com,3,2021-05-27 19:47:17.590893,False
30,Zipcode,3,14200,4,2021-05-27 19:47:17.612872,False
31,neighbourhood,3,BBBarea,5,2021-05-27 19:47:17.622808,False
32,age range,3,21-30,6,2021-05-27 19:47:17.638765,False
33,gender,3,female,7,2021-05-27 19:47:17.652772,False
34,family members,3,5,8,2021-05-27 19:47:17.664695,False
35,number of children,3,2,9,2021-05-27 19:47:17.680651,False
36,number of seniors,3,1,10,2021-05-27 19:47:17.695647,False
37,request type,3,Nutrition/Food Support,11,2021-05-27 19:47:17.711570,False
38,request detail,3,I am requesting emergency funds for a family member who is in the hospital,12,2021-05-27 19:47:17.728558,False
39,emergency?,3,Yes,13,2021-05-27 19:47:17.743532,False
40,name,4,Alice,1,2021-05-27 19:47:34.463797,False
41,phone number,4,123456789,2,2021-05-27 19:47:34.491334,False
42,email,4,alice@123.com,3,2021-05-27 19:47:34.507291,False
43,Zipcode,4,14200,4,2021-05-27 19:47:34.523247,False
44,neighbourhood,4,BBBarea,5,2021-05-27 19:47:34.539239,False
45,age range,4,21-30,6,2021-05-27 19:47:34.550178,False
46,gender,4,female,7,2021-05-27 19:47:34.560150,False
47,family members,4,5,8,2021-05-27 19:47:34.570163,False
48,number of children,4,2,9,2021-05-27 19:47:34.582090,False
49,number of seniors,4,1,10,2021-05-27 19:47:34.591107,False
50,request type,4,Housing,11,2021-05-27 19:47:34.602037,False
51,request detail,4,I am requesting emergency funds for a family member who is in the hospital,12,2021-05-27 19:47:34.612010,False
52,emergency?,4,Yes,13,2021-05-27 19:47:34.620987,False
53,name,5,Alice,1,2021-05-27 19:56:17.630890,False
54,phone number,5,123456789,2,2021-05-27 19:56:17.646847,False
55,email,5,alice@123.com,3,2021-05-27 19:56:17.656820,False
56,Zipcode,5,14200,4,2021-05-27 19:56:17.665830,False
57,neighbourhood,5,BBBarea,5,2021-05-27 19:56:17.675815,False
58,age range,5,21-30,6,2021-05-27 19:56:17.685745,False
59,gender,5,female,7,2021-05-27 19:56:17.695753,False
60,family members,5,5,8,2021-05-27 19:56:17.706688,False
61,number of children,5,2,9,2021-05-27 19:56:17.716659,False
62,number of seniors,5,1,10,2021-05-27 19:56:17.725675,False
63,request type,5,Housing,11,2021-05-27 19:56:17.736608,False
64,request detail,5,I am requesting emergency funds for a family member who is in the hospital,12,2021-05-27 19:56:17.745583,False
65,emergency?,5,Yes,13,2021-05-27 19:56:17.755555,False
66,name,6,Alice,1,2021-05-27 19:56:30.478021,False
67,phone number,6,123456789,2,2021-05-27 19:56:30.487038,False
68,email,6,alice@123.com,3,2021-05-27 19:56:30.497968,False
69,Zipcode,6,14200,4,2021-05-27 19:56:30.508938,False
70,neighbourhood,6,BBBarea,5,2021-05-27 19:56:30.517914,False
71,age range,6,21-30,6,2021-05-27 19:56:30.527888,False
72,gender,6,female,7,2021-05-27 19:56:30.537861,False
73,family members,6,5,8,2021-05-27 19:56:30.546837,False
74,number of children,6,2,9,2021-05-27 19:56:30.556810,False
75,number of seniors,6,1,10,2021-05-27 19:56:30.567781,False
76,request type,6,Education,11,2021-05-27 19:56:30.576791,False
77,request detail,6,I am requesting emergency funds for a family member who is in the hospital,12,2021-05-27 19:56:30.586731,False
78,emergency?,6,Yes,13,2021-05-27 19:56:30.595740,False
79,name,7,Alice,1,2021-05-27 19:56:56.562223,False
80,phone number,7,123456789,2,2021-05-27 19:56:56.582200,False
81,email,7,alice@123.com,3,2021-05-27 19:56:56.593169,False
82,Zipcode,7,14200,4,2021-05-27 19:56:56.602145,False
83,neighbourhood,7,BBBarea,5,2021-05-27 19:56:56.613116,False
84,age range,7,21-30,6,2021-05-27 19:56:56.623089,False
85,gender,7,female,7,2021-05-27 19:56:56.634063,False
86,family members,7,5,8,2021-05-27 19:56:56.644033,False
87,number of children,7,2,9,2021-05-27 19:56:56.653009,False
88,number of seniors,7,1,10,2021-05-27 19:56:56.661985,False
89,request type,7,Emergeny Funds,11,2021-05-27 19:56:56.672955,False
90,request detail,7,I am requesting emergency funds for a family member who is in the hospital,12,2021-05-27 19:56:56.682930,False
91,emergency?,7,Yes,13,2021-05-27 19:56:56.691906,False
92,name,8,Alice,1,2021-05-27 19:57:14.025134,False
93,phone number,8,123456789,2,2021-05-27 19:57:14.048291,False
94,email,8,alice@123.com,3,2021-05-27 19:57:14.057303,False
95,Zipcode,8,14200,4,2021-05-27 19:57:14.068238,False
96,neighbourhood,8,BBBarea,5,2021-05-27 19:57:14.078251,False
97,age range,8,21-30,6,2021-05-27 19:57:14.089182,False
98,gender,8,female,7,2021-05-27 19:57:14.099155,False
99,family members,8,5,8,2021-05-27 19:57:14.109170,False
100,number of children,8,2,9,2021-05-27 19:57:14.120098,False
101,number of seniors,8,1,10,2021-05-27 19:57:14.129075,False
102,request type,8,Police,11,2021-05-27 19:57:14.139049,False
103,request detail,8,I am requesting emergency funds for a family member who is in the hospital,12,2021-05-27 19:57:14.150055,False
104,emergency?,8,Yes,13,2021-05-27 19:57:14.160026,False
